dataset,filename,bytes,add_ms,cid
Dataset 1,estadoActual0.jpg,14114,116.0873,QmXa9AcsxoZPQS2bGuAsR7EVmLJssaWbMMyThapbsM36hY
Dataset 1,estadoActual1.jpg,65321,30.9125,QmYXbSWjiF8aAQDXo2d7fH8XgLwHmhtrsz5jNPa1BYCX6E
Dataset 1,estadoActual10.jpg,58009,21.5482,QmRKb7gzzKTWY1iETAVjNXjQkpjtLYmtVPtdsyJUcuP1VV
Dataset 1,estadoActual100.jpg,28928,22.1842,Qmew1gVBNCMSicWvg32nnLgqfkEYG8mzQu5JWuqXEHwFpj
Dataset 1,estadoActual101.jpg,35318,27.5671,QmRDrduNEEPiEZ5zzeSJ6RNnndWijVFMWzVqHffSDwZwcz
Dataset 1,estadoActual102.jpg,40977,20.1105,Qme8EPci23XoHfghMyfxNrKFXnv1cs4jachy9Ci3dcRUHw
Dataset 1,estadoActual103.jpg,34064,19.7198,QmXXJkDE3HSTrXAn7XeGdzH1CmVRH8HiRDKkZartfaNa56
Dataset 1,estadoActual104.jpg,38180,32.932,QmT76bXWxWjbm81LQMQspWvArr1wt6qKatvcyv1npXWWk7
Dataset 1,estadoActual105.jpg,38542,26.6198,QmW6mjGRUzp4o1DZR8nFchpknxjgYj4Tase35qyqoWzW1s
Dataset 1,estadoActual106.jpg,45151,33.9112,Qmcm3ZjuRPTZktgZAsS49WZ2F4vbukGBjtQoQFJTaCw9kJ
Dataset 1,estadoActual107.jpg,47678,17.4489,QmVrPknWNCTTJFgCeQbhUH3285KtLBKygNzrZCW6z5FAkM
Dataset 1,estadoActual108.jpg,47678,5.546,QmVrPknWNCTTJFgCeQbhUH3285KtLBKygNzrZCW6z5FAkM
Dataset 1,estadoActual109.jpg,47678,4.6609,QmVrPknWNCTTJFgCeQbhUH3285KtLBKygNzrZCW6z5FAkM
Dataset 1,estadoActual11.jpg,59980,19.0751,QmWU6bCmW8BamWeFAwbMQ9uBNGU7VwFyKzcFXDh1XebQA3
Dataset 1,estadoActual110.jpg,47678,5.2596,QmVrPknWNCTTJFgCeQbhUH3285KtLBKygNzrZCW6z5FAkM
Dataset 1,estadoActual111.jpg,47678,5.4896,QmVrPknWNCTTJFgCeQbhUH3285KtLBKygNzrZCW6z5FAkM
Dataset 1,estadoActual112.jpg,47678,6.5627,QmVrPknWNCTTJFgCeQbhUH3285KtLBKygNzrZCW6z5FAkM
Dataset 1,estadoActual113.jpg,48125,18.4844,QmUCbwoczmCqnMqpZg6TxvDcYN5dHdefDgcdcGjf5CTmm6
Dataset 1,estadoActual114.jpg,48125,5.3757,QmUCbwoczmCqnMqpZg6TxvDcYN5dHdefDgcdcGjf5CTmm6
Dataset 1,estadoActual115.jpg,48125,6.6764,QmUCbwoczmCqnMqpZg6TxvDcYN5dHdefDgcdcGjf5CTmm6
Dataset 1,estadoActual116.jpg,48125,5.4276,QmUCbwoczmCqnMqpZg6TxvDcYN5dHdefDgcdcGjf5CTmm6
Dataset 1,estadoActual117.jpg,48125,16.1794,QmUCbwoczmCqnMqpZg6TxvDcYN5dHdefDgcdcGjf5CTmm6
Dataset 1,estadoActual118.jpg,48125,5.1542,QmUCbwoczmCqnMqpZg6TxvDcYN5dHdefDgcdcGjf5CTmm6
Dataset 1,estadoActual119.jpg,48125,4.9413,QmUCbwoczmCqnMqpZg6TxvDcYN5dHdefDgcdcGjf5CTmm6
Dataset 1,estadoActual12.jpg,59588,18.8692,QmbmDqM6yHWrSG5NGaeVeB4uKbLv8XoT1qgViV4oSSBH1t
Dataset 1,estadoActual120.jpg,48125,7.1351,QmUCbwoczmCqnMqpZg6TxvDcYN5dHdefDgcdcGjf5CTmm6
Dataset 1,estadoActual13.jpg,59814,31.7515,QmWhF2bm6KnWGgTs5pvPPAd6KCWf34otA9RdQVei8NMcxe
Dataset 1,estadoActual14.jpg,60095,14.4763,QmNQZpBkTLkPxzXHfRLYGWMK8pLadLKBgWXcTiuGPQTGLd
Dataset 1,estadoActual15.jpg,59753,15.5491,QmXRfyVDzKKD7YnsYYJiewTQLeZkZU9tBqov4t9znLaemj
Dataset 1,estadoActual16.jpg,59723,16.2677,QmRbQZZSS41Pm3kuuBuyMKDFaUG1xSGD48H5Cs4tTa1Mgu
Dataset 1,estadoActual17.jpg,56238,16.9135,QmV71TybQB2m3oxyfeYmVhaiqv6Fk3jU2J9wPhKk7FtDsN
Dataset 1,estadoActual18.jpg,57699,21.5123,QmSyLmdL32JbkU75KVFeJfkQPSziumWM8hZY9V3XdTzddD
Dataset 1,estadoActual19.jpg,58284,17.7269,QmXFN43xrQHYmYFxnkALnqDoS2x3qgHz5Ga7PA9ntRSd5w
Dataset 1,estadoActual2.jpg,59612,14.7818,QmagiwPWVYdn9m6wgnzCC8oeorMZpTjU17N6bHWKbBtae1
Dataset 1,estadoActual20.jpg,58538,18.597,QmVWRUTx1mFB25QJp9wz2EcYCADVYk4fmMtDdRDFy3HaVP
Dataset 1,estadoActual21.jpg,60015,15.6195,QmdLhRyqoxkkpmTPjaiyLTwoA1r3Vez88bN1jzjBvFFok6
Dataset 1,estadoActual22.jpg,61196,15.8648,QmZnRdpz2ihsDz5kGdTgc1wb7iFqfGFvg7KYAh66tg6V3e
Dataset 1,estadoActual23.jpg,60882,15.7112,QmX4Zigagf9zbeiuQQPhqpzdzV5J5BuP8nLZXtcB8MuLcf
Dataset 1,estadoActual24.jpg,61455,20.943,QmVoRmufsyRHDwgHdWihjCvNT5CbTMF8a5HJoKuwSdK36o
Dataset 1,estadoActual25.jpg,60683,14.7309,QmdWHdB46iWAZsSBzx7AFtevNk2CEhrQkRSz5H26TfVA7c
Dataset 1,estadoActual26.jpg,60942,24.1426,QmeZiV375VJqqHPbGvWpsPmx9euH8QNms3P3VXa5imQFkP
Dataset 1,estadoActual27.jpg,57062,22.5941,QmZaoxZdysAgpcAvvbJEPFuCta7DDBFoZS2mzbAWf7kaY7
Dataset 1,estadoActual28.jpg,29498,17.6589,QmQTsLtFagZkRcb1cU2vuf1f1ckQRmp7dRK4daXxYKmjnQ
Dataset 1,estadoActual29.jpg,40923,15.053,QmU12JF4Rgb3zKU427KgVieaysQKmLJB5jN9inaCgKbMhc
Dataset 1,estadoActual3.jpg,49374,17.8034,QmZR9ipWGhUWvSEL8mN11B19Dwj8FwRBjWqCguXyur5q26
Dataset 1,estadoActual30.jpg,45284,13.3065,QmY3XqXAB973m3qF7hEqAeGQzBr6nkdwWFTnp9PaJqx17m
Dataset 1,estadoActual31.jpg,44846,27.338,QmdZxEzMrD8PT9zBcbEgNCDfVVmQ4z6QJdSDckTTH2b2FB
Dataset 1,estadoActual32.jpg,40059,15.7856,Qma5kfFV6HuiU3PvV3qNb8nqYn97AtiuCYRU64UCBNXP9r
Dataset 1,estadoActual33.jpg,42502,15.7711,QmY7mK8AWb5e59pk5K2DL2gbvebaEPd2mgG6hRyqqDJbKk
Dataset 1,estadoActual34.jpg,43985,14.0769,QmbDvR5vQexWgdPPSVYPLn8enZVyjMNzfpYudpy4k7PP1q
Dataset 1,estadoActual35.jpg,45871,24.4942,QmVQPqNZ6JQmyCNqphWSd8w2DNRNPkDeFWdcNmYeZJsN9h
Dataset 1,estadoActual36.jpg,48557,19.2728,Qmdgx8j2uoK5esbyVpkKbJioUfiw65WxpdqC1bktCghWbm
Dataset 1,estadoActual37.jpg,52519,14.9531,Qmay7yeVwgF7EjtC2Vp3hLHCRSAhTaS7xU3fmY6HxwBvCW
Dataset 1,estadoActual38.jpg,52352,14.6926,QmaRnoHGcEPMcrHt9zxxGMi4ndpCS4NYNE5fxpueCeYUqy
Dataset 1,estadoActual39.jpg,48050,14.4638,Qmcu3m23QHJvEr19xm3TGuktYK5MYPw3FNTYWayT4og7XH
Dataset 1,estadoActual4.jpg,49062,19.6545,QmWbCyCXgdDHQBk599qaRnzHY6mzo88CLQfricgxWAYvxs
Dataset 1,estadoActual40.jpg,50206,15.2083,QmRV1w8U4NpL6HWG2ZoTiBZxv4uBcQddzKiM8WQDeF1Wik
Dataset 1,estadoActual41.jpg,53053,13.6949,QmYvh4EPv5dNkFRTxkfijqvxmBtzeFKTHpFi4srtUzXjJY
Dataset 1,estadoActual42.jpg,54864,14.0229,QmdeddHKTm2ZR1n9ckEv9CZmWvoENAgZqtLgEkWw8WR5fi
Dataset 1,estadoActual43.jpg,55512,13.5226,QmUQQe5FVr9qsjRrKLTg7nVEL98vgyB3z58X8JmRpof4RK
Dataset 1,estadoActual44.jpg,54052,13.9667,Qmasq71GyKSDbfVo3bgKAs7Q1CkTZohfK5q8dFf8hnK6PL
Dataset 1,estadoActual45.jpg,58495,14.317,QmVfcN8Q8KMoH4kA7769v4aTXzJj6JhnpqSXHfBHftTVzm
Dataset 1,estadoActual46.jpg,58282,14.3349,QmWWdrzBxbFvDcZJSJS14LCXtQssC7oSeWqMKWK8sBHQBT
Dataset 1,estadoActual47.jpg,56943,14.1942,QmbF14Jw5krErnvjAeGFyJe3LmQVHBf9SMsN2k49MjNpv5
Dataset 1,estadoActual48.jpg,58194,14.8513,QmbKkEP2h1m8Re6Kuh2psu6pG4Ze7urpctMAUhwbTDfVYH
Dataset 1,estadoActual49.jpg,61836,17.4199,QmUm5ezsZBCJB7fQ21eagLYPYwYADoprkJC7DMsfQLWdXa
Dataset 1,estadoActual5.jpg,57749,27.0713,QmNb3xTvatt7E2TZoDwZDSrbEk353HivUUPfMSL9fYtcFr
Dataset 1,estadoActual50.jpg,64421,17.6163,QmZM3GCWXjbPtJst11bRumdv28hjHydeY8xUoviA3Btt3F
Dataset 1,estadoActual51.jpg,68489,14.5673,QmaorgiLxTZgZCtbd4h86CnLa1d4ztmhAgVwCPu17xjpL8
Dataset 1,estadoActual52.jpg,66378,14.7936,QmVLLGg62E3enj23kfzYZZbYoMrgzgkzfwMYmrPcbM6Ty1
Dataset 1,estadoActual53.jpg,66638,13.72,QmVHW4qo2ksnQyiVjGaeHpQ7JTFUjCJrWFpwRjkc2cNiNp
Dataset 1,estadoActual54.jpg,65471,15.0889,QmSQPpgf3ALrGjQxJf7iFUBthAWGLuqo1dDegSjeZ8BRgp
Dataset 1,estadoActual55.jpg,65198,13.5989,QmPWC1Furq3kahcNDvLMuFKXifAqjvYfTfKPekD9CmwAo5
Dataset 1,estadoActual56.jpg,67596,14.1934,QmQ3p5WwWB5DoUUfUmwVNyJFHQYSt7GRdpkefapaiHfcr2
Dataset 1,estadoActual57.jpg,69759,15.5819,QmdntaMyBnrR5Gred7U9W6VFdv1K3f9pLHAL2sZpFfKisY
Dataset 1,estadoActual58.jpg,67999,16.336,QmVa3m1gPcf8x1x29wTECx7abQL9Qu85MzpPtZYP7KCUAU
Dataset 1,estadoActual59.jpg,67711,14.6148,QmNejN2Jw2J4DU6xuE9ZtYS1Bp3JMfRF9aAQdGnrFzUUJo
Dataset 1,estadoActual6.jpg,60177,16.2013,QmYX97xM6WmHLxbQG3hjjTVs6jEX9JH3vW5KrMDCFcyknz
Dataset 1,estadoActual60.jpg,74535,17.3058,QmUEVax7j5UEZYkmdF8wntJ3UaMqdspFKZD94ssTyXk7VU
Dataset 1,estadoActual61.jpg,71936,14.881,QmVH9gLQEpmC4zuhpmRCNTW7svFBWgcwfRUPSR4SqAv7fx
Dataset 1,estadoActual62.jpg,71998,17.4959,QmczARiqcVu4QHctcFLWtmPfsN5WUKfKQppvazprgxPZf5
Dataset 1,estadoActual63.jpg,74647,14.7393,QmTuZkuzGycV3FvUx5iinBp7ignmGHo6N3RspzfaMxzDeu
Dataset 1,estadoActual64.jpg,77422,15.1529,QmUQupfYrXb5f7evrY2VuQjbyvuLrd8KTZbynXPqUTPx1w
Dataset 1,estadoActual65.jpg,80302,17.6502,QmWGmXLJiT7rqG9bh17kEYBW7U4SRE1F1r8PBVRZUorRn1
Dataset 1,estadoActual66.jpg,70098,14.8286,Qmcy9xj9JxiL87uPgd7fpfUA64bYVwJDEDKLMzou2oL9u2
Dataset 1,estadoActual67.jpg,72448,13.5393,QmZcEDh3TyQH5pXip8UhKCPAQpgPnGfw8XvLByf1H92qY9
Dataset 1,estadoActual68.jpg,75024,14.8926,QmYRR1KFNp6cEuvapbGwPj4MT8SrQCgnuVZ9XfXqGoHELy
Dataset 1,estadoActual69.jpg,74558,14.9513,QmeVkENcJ2UEp983kpdQzN3ddWbFynqgFhtUV6XKxEGuR9
Dataset 1,estadoActual7.jpg,60524,16.141,QmR2CFedkatQemSZq8aUUup2VRN9fENYpaG3CYWc9dEZW6
Dataset 1,estadoActual70.jpg,74634,14.4708,QmQ27hFB94zkZJeSjL3MkgjhPp88Y187NL6eRh92mYGsSP
Dataset 1,estadoActual71.jpg,77926,14.9888,QmQkBFFzVNCKaPKMK3TL452QxbXqdn8V4VzokFrC6qNyni
Dataset 1,estadoActual72.jpg,81626,13.4421,QmcGzMMnf6MdmgCzWA5AXDZKUXjUygA1bBS6nxGRjyvHQh
Dataset 1,estadoActual73.jpg,82502,14.1507,QmfE1MhHjvkdvEaMRpRG4gijdThHLBHUMCfj4saasgd17D
Dataset 1,estadoActual74.jpg,69855,15.5072,QmbmTtaGtZfiaRubMqkSXPn7cd8crNqy1JvjjLFSF8t2pU
Dataset 1,estadoActual75.jpg,72818,14.1066,QmUEKUVcv4U1bdSerG3xdjuQXnecbeppfCQPKkxv7EkoSF
Dataset 1,estadoActual76.jpg,74282,14.3415,QmZBATLwWE4U8T7xLhefK8jLPw6PQrqbCQEHp6S1T4hy7b
Dataset 1,estadoActual77.jpg,73968,19.0209,QmVwrJW9huT7ESB7Pd7JEdAct7y7e6rwZwjuU9CwvSarMh
Dataset 1,estadoActual78.jpg,73366,30.9518,QmPkeJ8n638b9SxwGzMaaC47prKujWEvuKm4XL5bdqRoq3
Dataset 1,estadoActual79.jpg,75067,14.0671,QmZ69cag1oSJvJsR32pFJcmM7bUK4JTXrWMffb3xcSHQft
Dataset 1,estadoActual8.jpg,58740,13.842,QmZVf1cnRGYfj1dTfgNM8knYeHPGKnWFnBj2WcZYYErpiT
Dataset 1,estadoActual80.jpg,72747,15.5554,QmcGUKz3ArPPsdeEnnV3Brnf1cTHmGXt4WR2nHXFzNV9D1
Dataset 1,estadoActual81.jpg,71415,13.8341,QmTWWSKXJ8Eed7owyrbiU1M9XmM4yc5q8zPLNeFz6dzKh5
Dataset 1,estadoActual82.jpg,72205,13.6415,QmYfUQDqxuUkTKfVVxvJBAygXpV4FsnRJF6BcKDaLK64P9
Dataset 1,estadoActual83.jpg,75060,17.4525,QmaYMjGMMF6YLF4Wcv223jNhH8cangwhxGpeeBmMM7Jo4z
Dataset 1,estadoActual84.jpg,70099,31.083,QmamE1ZxvYooEp7Yoge78JSnfy2UcTJ6bnSCbTnzr6BFeF
Dataset 1,estadoActual85.jpg,71423,16.7981,QmSLE8xuX7AnRa6sA2VMvce7BNsMgyhXQBCLxX3fZdGGno
Dataset 1,estadoActual86.jpg,72822,23.2699,QmZDkYsajoYa8GpV4A3v6xsHq7WTzBgm3cTnrM3VavjbcW
Dataset 1,estadoActual87.jpg,77953,23.016,QmVQGVVJSqZfiAK5v5EhkvwhMcCgr4vMb8dmCoPV9nUpDi
Dataset 1,estadoActual88.jpg,75598,17.7397,QmVHGnzVfdvWNPYT7Kooe1wM6QfoonALd1Ynr2SHNgxxiU
Dataset 1,estadoActual89.jpg,73276,16.3176,QmVVAJTPdEdMqM1EcQqJoSc7rrWwjaPBVhUJuiFbQ9uyTE
Dataset 1,estadoActual9.jpg,58284,32.0215,Qmag9DtAg9CLF24F4UnY4BmWRHodTpmFj5Y4fv2FFeNQgQ
Dataset 1,estadoActual90.jpg,69114,18.9974,QmUyr4SaQKBVnEQtSifRHGfDzZFhRzUcUjJ5cMM8iAyaQZ
Dataset 1,estadoActual91.jpg,70747,13.9978,QmWT8HygkS4DP5yU1XWNCEpqd2THtiY3wwcK4Dt9Vaw2ZB
Dataset 1,estadoActual92.jpg,67523,14.4255,QmTG7bASqz17t39Hv9Z9zr6WbiXhvce7GXNDxXX4R6Xyhr
Dataset 1,estadoActual93.jpg,58781,13.4737,QmNdZgesGpM16cua81kVGEfTJskYJF6wjADYeW4KVMFDog
Dataset 1,estadoActual94.jpg,34352,16.6928,QmSJ4mcLFYoFHKWaxiWnmS8P224sUr4anpXu81NDD2t6KQ
Dataset 1,estadoActual95.jpg,18187,16.6544,QmUnSJQsTJSeCVJWLmegTMyFpQpPd1xH8HzKF4oQ8CgW8M
Dataset 1,estadoActual96.jpg,18365,21.3321,Qmd3BM6fhPdgwDSRoM27gzKW5JHe5NPwf1EMWz1MjhBXkH
Dataset 1,estadoActual97.jpg,17991,18.0212,QmPgXjW2eAKsH4NLug3zSmePNC7Uih7sspoczTM4SfBHZw
Dataset 1,estadoActual98.jpg,22249,26.8567,QmTutCTHK6WkHJiCGrVgpcoX1h2JdGK6uA5ZcMhxPLDpxg
Dataset 1,estadoActual99.jpg,22138,13.4303,QmQe5gcNJpvEiXQbnnAsCC3wdXmvAkbdqAcbUej6h38CtR
Dataset 2,estadoActual0.jpg,11997,25.5087,QmXEtywwbjxgmqa3RiLpuZJc1FNjytEdn9jZCgE7N2VAAE
Dataset 2,estadoActual1.jpg,61335,16.0669,QmdJeqEL5VkzNbaTucMMDYTQkz1q4DHpfhswJtuU5nZ5sr
Dataset 2,estadoActual10.jpg,47402,13.2157,QmVwcJtZVGy5ea76dmAkGeYfUZgHCBYvGVrGmsTnGgJg9g
Dataset 2,estadoActual11.jpg,55817,16.4495,QmRHTzzvNosaEkyTcXBGMNzzDkPKdfaTx4FCD8pTzDViiX
Dataset 2,estadoActual12.jpg,30191,14.8359,QmdfF4vVPUkXR9ZkYpduzJVpXwb2s2f2hFTQ2XpQbtAzVU
Dataset 2,estadoActual13.jpg,29392,14.0496,QmWjkodtxymZpQhhVQHJ1BGE9DgEieCqDPTMb99XmonPrX
Dataset 2,estadoActual14.jpg,33608,22.7248,QmRmvCFyz7xTaiCDMhUwWYWyvtqGoSdKW8V19R9qk9AxmF
Dataset 2,estadoActual15.jpg,37444,18.0352,QmUv2VEhcKqJVuVHHP599V377jiaSSjE6QtuEByg6piijG
Dataset 2,estadoActual16.jpg,38872,18.1679,QmYnzLqXkFWkwbgds11aXGyVevkeuHwzPX7aSeDuLePGwL
Dataset 2,estadoActual17.jpg,41796,14.7146,QmVdTasVtMcxovi5wNrxsh3KkQXZZCC7f5QFewCWf2XfTQ
Dataset 2,estadoActual18.jpg,42352,82.3921,Qmckvwgb7TFnCKBPEPhCTN2ip7m88NRDz9KX4FakiRC28N
Dataset 2,estadoActual19.jpg,44631,16.3319,QmP1VFe77M1LpzgWwQMH51qfVn5TUxQPJmdjtmzxFE3B2r
Dataset 2,estadoActual2.jpg,61141,15.611,QmaH1HQbWh2aDtHju9ts3NxosyKwwJh2PeVNmVX3as6wTc
Dataset 2,estadoActual20.jpg,45211,14.2782,QmX9eQpWbvY2NL69guL9DENbvnrnpS8RpfpYYNC9pZBuJg
Dataset 2,estadoActual21.jpg,43738,16.919,QmRuNjafCvsm5xn2rim2tx3CKz4f9FLyXbTGzeC7yxbpvm
Dataset 2,estadoActual22.jpg,42888,15.1226,QmQc3fzd5aPu3YpqtVV83kuiowYgcDTCFqV2mc6XRoRDsn
Dataset 2,estadoActual23.jpg,43476,15.6912,QmdPRYbGPX1SL5bXNyebcWoAWmqcRBpGP5Uj6LWKRNL96q
Dataset 2,estadoActual24.jpg,46975,13.4841,QmNmMQ1jgknCTFhuJ3UrXL14o6nEVg9HruCj58dQ7JAsYF
Dataset 2,estadoActual25.jpg,50196,13.154,QmWMgmH8acftkfHjqQqoa8fyUQ4LNiSYTaCWeiCGptkQWp
Dataset 2,estadoActual26.jpg,45801,16.9248,QmY3jbFmfp3mJwwq1xHfpEcYJFEfJv3hBX5trTACzLakjo
Dataset 2,estadoActual27.jpg,49153,14.8908,QmRdgH57gKD22dQpoYAAWDn6f2YNjqy6HfKHxfKpuS8zpf
Dataset 2,estadoActual28.jpg,50867,14.8219,QmUbDxgrHD1pgqpFqorxK5DixCczhT1zQV919AA8xwtz4d
Dataset 2,estadoActual29.jpg,54997,16.8703,QmY95kTJNuh68crwNXAeKxKNHWY6Jcj71m2YbEHBH8ifvN
Dataset 2,estadoActual3.jpg,55652,14.6877,QmXBcNWBz7Psp4ioAe29cRzctcS3TYqkeSP9uQy12BAcYk
Dataset 2,estadoActual30.jpg,55999,17.6823,QmQCU7GGWN4orKpScniZM4Yn8hoRDsQyYEmNULk5yNqpqK
Dataset 2,estadoActual31.jpg,56780,12.6776,QmbbUm7FRNmCijKmPBfy6tVhju4E852tfcRzLeDkXJEdqv
Dataset 2,estadoActual32.jpg,58986,12.4912,QmPueay4uA9zTKipBLmjCAKwAWabYXgqEnMsLwR8RS1tFq
Dataset 2,estadoActual33.jpg,60130,16.4105,QmSw3SrSBzg6jDf5cys5nGcCaz5GXpCq3NXXtnwx9jEiJa
Dataset 2,estadoActual34.jpg,60130,3.9309,QmSw3SrSBzg6jDf5cys5nGcCaz5GXpCq3NXXtnwx9jEiJa
Dataset 2,estadoActual35.jpg,60130,3.2667,QmSw3SrSBzg6jDf5cys5nGcCaz5GXpCq3NXXtnwx9jEiJa
Dataset 2,estadoActual36.jpg,60130,4.151,QmSw3SrSBzg6jDf5cys5nGcCaz5GXpCq3NXXtnwx9jEiJa
Dataset 2,estadoActual37.jpg,60130,3.6382,QmSw3SrSBzg6jDf5cys5nGcCaz5GXpCq3NXXtnwx9jEiJa
Dataset 2,estadoActual38.jpg,60130,5.4896,QmSw3SrSBzg6jDf5cys5nGcCaz5GXpCq3NXXtnwx9jEiJa
Dataset 2,estadoActual39.jpg,59590,14.5726,QmVtSHKVyvo9PaRPiwaxd4X7Rvm8wznLHUnADdC6gaFDJ2
Dataset 2,estadoActual4.jpg,53462,14.5734,QmU1yLK8dxpSs34STweupzHcHcGbDT9R5cYZwZ9tXpGuBd
Dataset 2,estadoActual5.jpg,54338,14.7722,QmTXLjzVC5FZ8kyfvWZFp2L94oLvx1YVNCdN1JJn7rcMWy
Dataset 2,estadoActual6.jpg,59712,16.3649,QmXSuwtbTPXva7GJFdTExbfn37EDJuGMH3aWgcf8UmLfxz
Dataset 2,estadoActual7.jpg,62122,15.8966,QmbgywUhe7b4VL17B4tx7vTBKKvX1hrjRqps6uGnZjwsiv
Dataset 2,estadoActual8.jpg,64155,15.7672,QmQP6o9hyBGaNudM23N9XxU7qd1xCfc4nJEisy69eFp43F
Dataset 2,estadoActual9.jpg,62102,13.5116,QmdTvy9q54ZZ5Ma43bzrjqL3AMq6rQLqs3g7uHHCakpT8R
Dataset 3,estadoActual0.jpg,10226,17.902,QmNs5A2xpag4e7ciLnHFjemHqKUWGMrcXVb5MJyBd79TSH
Dataset 3,estadoActual1.jpg,43025,26.1867,Qmcfwj7P27u8MHmWMpDUp6UoVBotZXp98bXWq3XadB8FAD
Dataset 3,estadoActual10.jpg,44318,15.6103,QmeoKJoHSdRjJ3XGVvY2gwZNZBtg9GZnK9xf8zTcoua3HH
Dataset 3,estadoActual100.jpg,31482,13.9433,QmbWnCkkWWVmyBrrB3o49mrbcwSWHo3cUkTpsRhnRsCyz9
Dataset 3,estadoActual101.jpg,30700,13.2758,QmexHnCtiB8DpX5v5nBMs9uzJ6suELJtsaA2dTperBgRdW
Dataset 3,estadoActual102.jpg,30625,13.8911,Qmawsmg6AfcRKSems4F56aY6dJAL5SSgkfBDQBwCbfxsVs
Dataset 3,estadoActual103.jpg,31336,19.7125,QmS38Sdw4PUtnad2rL93wBksQRaRvstSiEwSpHQ6fhTh3k
Dataset 3,estadoActual104.jpg,31391,14.7304,QmeiBj5qAwbwyVuWZ8wgz7KpJ5xeGeqATff6qHxqDAvG5B
Dataset 3,estadoActual105.jpg,30332,12.6425,QmYvm4RvuW49JQzdLymgUUPJfKn98SmZFdjbvkcdrYdGyY
Dataset 3,estadoActual106.jpg,30000,15.8253,Qmbtssxjwoyfgar4cFdQiHTjsTmyE3eQwxyruaN6SbGLk1
Dataset 3,estadoActual107.jpg,29370,16.4595,Qmct5WML8Mx3nUMbSP8XvwgCW7GBzzTwwj4aWc22gkDyeB
Dataset 3,estadoActual108.jpg,31827,13.1191,QmSDK5nw4m7Yw8a1jx1LPMUmhRN3hgLDLrwMppYXgNGqL8
Dataset 3,estadoActual109.jpg,32976,15.13,QmP3WeTYJUqnQa4EriC6CvePCoGtBLrtQrY2jwVha9UhCP
Dataset 3,estadoActual11.jpg,41116,16.8746,QmRZUqVAHYn9acRRxR3FzmW9YS58EYSSgBZmgg8imZF4mh
Dataset 3,estadoActual110.jpg,32308,14.8517,QmRebWWFoBvfWh8zRK4kSHU2m2ePCWfQutmXyBE8JKTNRS
Dataset 3,estadoActual111.jpg,32462,14.9924,QmVxU2vAJxvA5Y8mVn36PqbpVBVip1wJmZ2Nn25f7rwQ83
Dataset 3,estadoActual112.jpg,34539,14.0489,QmXwnj9ZChoJUvC4BeW3Jh1fUizPNWeM8nfLLbZfmxBMbT
Dataset 3,estadoActual113.jpg,36414,14.4606,QmaAhkJgPD1JtqUenqCvc9hDD7xHLEwbboWLnLLs4XqCqJ
Dataset 3,estadoActual114.jpg,37428,13.7623,QmPrur21GaHTJunN9GqQ8qacndgjzZo21LJ1QskgKbvmtc
Dataset 3,estadoActual115.jpg,37701,21.3183,QmeeiN4qJ7Wcu2L87DW3LH495HEfRR6yWKTo1GoLsD8ruZ
Dataset 3,estadoActual116.jpg,37841,14.7837,QmNcuiNkj2SAPAX75vHVkJFPc3JitN8mgVRJE2soV33aGM
Dataset 3,estadoActual117.jpg,36930,13.9889,QmPgdbSemrVLoj2q3LPxJ2FqKinzizx1FWRwTgiYya6B8X
Dataset 3,estadoActual118.jpg,37671,14.6372,QmUHQH8RAkDtAX5X1utyhs8k3C5yhQH4tPDekjP615YvTi
Dataset 3,estadoActual119.jpg,34478,21.1339,QmchP12Tdvk1VZF7yvWpgnQFbC52GUq7BDYen3oeDQfJH6
Dataset 3,estadoActual12.jpg,40903,22.01,QmSbzh4Y8nUbBBno2smco3vHTRyfSqLcW48qxX9G4kPJ2f
Dataset 3,estadoActual120.jpg,34994,20.5581,QmdHAUF61k51bez62D2WmEu9W6849QLMoE84C6xiXkQJj8
Dataset 3,estadoActual13.jpg,41507,16.7582,QmcTvG8BGLQKNeUp1goN2bbBswas14aRpxMX1mhfLKvHpR
Dataset 3,estadoActual14.jpg,42024,17.4732,Qmaht88S77DAQTascwjyqMozBQSccfGCkJxZvDWga2vKw7
Dataset 3,estadoActual15.jpg,41582,15.4007,QmRyb5ggAWngFJBNniA38ecDFpPZa4rs15tPkatFaoEfdD
Dataset 3,estadoActual16.jpg,41740,14.4601,QmNhRP6BMJUzauUCMgXCnzo1yohTK2e45PcN5J3CYJon4u
Dataset 3,estadoActual17.jpg,41086,14.1923,QmeMG2xVGkxhL6d5NUTYo98F6s1ffpc1hmr55D8Ha6iajg
Dataset 3,estadoActual18.jpg,33900,15.706,QmPPdkZcix8j7LozV1WEvmmpjmWm99tb1A5TprGGk1i5kV
Dataset 3,estadoActual19.jpg,41509,23.6399,QmPnZZN27ePPmRWNQYgcMYpatadfZVp1RzvWtEezhxgDsq
Dataset 3,estadoActual2.jpg,43153,22.5915,QmNhbRHeDuKNapDBRLq4FoGybst6YeFHEiH8BMNjWa7J4P
Dataset 3,estadoActual20.jpg,44200,26.4115,QmQpKBi73krYZphoSwnkisLkwXQCrFWRLLJ1ux9LrrZn2o
Dataset 3,estadoActual21.jpg,44380,18.0493,QmVi18QdCdSoMjV5ZBo7MRELBUzf9CSZeFAbvPV4A7GTgF
Dataset 3,estadoActual22.jpg,38664,14.745,QmNUB46GpepzfXTDv7rqjYbwvTP5TRgMuPakxQ5jVYFt5c
Dataset 3,estadoActual23.jpg,37678,13.7304,QmSDQJvR1XhNW1Db3fUZyZhTwRdHrv4MrVfeyY3b4bAZSL
Dataset 3,estadoActual24.jpg,34743,16.7047,QmfEHXLwZmRnUoQ4dkTPcnkwpEdWytu69bz893DFNPhtCb
Dataset 3,estadoActual25.jpg,31897,13.8867,QmcMdVD7nrkJRnSenC7W59oxDTkB1mc2py6q6jySk5vuXY
Dataset 3,estadoActual26.jpg,30212,14.0334,QmRvRJQwhGdoRyWhCMzkUEsmcAYCCxKyQmanNPC84gekpp
Dataset 3,estadoActual27.jpg,28817,13.5589,QmcNcSXn2xR9PG9mDQg4N5i1rqXp6QGesZjimJj4WoMc31
Dataset 3,estadoActual28.jpg,28312,13.6035,QmUf1dN8sFjQtGJxBqY41Bww9RQDjfc3pfBAavoDaqNj57
Dataset 3,estadoActual29.jpg,27174,13.3837,QmZcaCBRHnikEUxLQdvSFYAiR3MM1Vczi3EG2hfvBzZWyS
Dataset 3,estadoActual3.jpg,44797,16.1123,QmPYjDZ9K5Vd2QGqE58wskjyEanVborB2cgS7gatJL7E5N
Dataset 3,estadoActual30.jpg,26273,12.7924,Qma3GZN18tKfAhhaHFTScZ8cgnxiaEN16kCtxA7e9YzogQ
Dataset 3,estadoActual31.jpg,27786,16.4199,Qmb8okyZA9Y8g86E526s82qJQLW9uFUcdkhxrdnqjWmaAx
Dataset 3,estadoActual32.jpg,28605,18.0308,QmbBgbxH9dQCm7xNA9rh3JZo3fqNnEg7Bfn1vwaUK5LCYm
Dataset 3,estadoActual33.jpg,27557,13.3465,QmaTFuKxAefg2DfWKDPXc3ZPnRZNumx52oPCsbfzw5BXxX
Dataset 3,estadoActual34.jpg,26736,13.9147,QmSybPZaqYDvdKDsZYguD51U9j8ZwZAo9sgeDuMEEvqYEV
Dataset 3,estadoActual35.jpg,24982,13.016,QmbHNn5S344stAkCfBPEpgbxtf8MkDFvZ42KcVgv3puW2d
Dataset 3,estadoActual36.jpg,24615,26.8014,QmdSjRF3KiVa5WNnsf1CugkbL84zyRVGZ6ScZZYaLz3chY
Dataset 3,estadoActual37.jpg,23299,13.2896,QmPRhT3GYGEJCFYqJKzgnTCMW8x8mr5vbDVE79uokP6mPi
Dataset 3,estadoActual38.jpg,22726,13.7888,QmTBZC1gkTJNhMRms2Ntqp2RrV6sjfbcgvxq7TEuakPi45
Dataset 3,estadoActual39.jpg,24951,13.3666,QmYnsfdg4euLyZ6ZgKW5Czy2H8ECncLdC665yB8ZSqukGq
Dataset 3,estadoActual4.jpg,42699,14.0308,QmS4kufeSpxsforiibNZRui6aCrwEfwAEKZcjHL8KiKQ8V
Dataset 3,estadoActual40.jpg,21573,12.956,QmRjNWCbhAmGSDM4t4bJnvpMJ3jiSbYNaRxDtsHboVaHhV
Dataset 3,estadoActual41.jpg,23024,13.665,QmPQz4n1jz3u7dE7jZuEt9V1H86E8uMx1Niz5UbZyJCFmC
Dataset 3,estadoActual42.jpg,24180,12.9528,QmZsyXJrELbPXZrEeE65LZxs4QsSrXNc2bB6Jqfbm7AxY2
Dataset 3,estadoActual43.jpg,27583,15.402,QmbxmqMrWA1hKuap1FsswNon387LTmVqetnnqcVitzufdb
Dataset 3,estadoActual44.jpg,26511,12.6512,QmYutbcmvWxCCABnDCutPiUzeG4fD3KLEaYwbAy4NSjmz1
Dataset 3,estadoActual45.jpg,26391,17.4738,QmQLXj797Cn22imPxD9LB7BTMpr8P67dbNnsCku4c67c5h
Dataset 3,estadoActual46.jpg,27857,12.8182,QmTgG4y6KjVuUPHKLxs2NP6GzAH4c2QS4emeDgnNU9N3fZ
Dataset 3,estadoActual47.jpg,26241,23.7012,QmUJhwscVcfPPfncN8W6LW9fR2EAj9h8URDqMJxpQCwvPq
Dataset 3,estadoActual48.jpg,28869,13.9944,QmRoSG4JMjoM1YMw9zUm6wSL6kRDVyJytWp7oovjViHtkh
Dataset 3,estadoActual49.jpg,24962,12.57,QmeSKpiRoKKDN1RjZrDLe9oF45nWMcwusCF8RGE9kcWN91
Dataset 3,estadoActual5.jpg,42752,12.6059,QmQLpVmeHyY4i5LBNd2BuN2kyRi1YJkevPTpsvs9Km57wj
Dataset 3,estadoActual50.jpg,29660,20.7299,QmY59a1uvievsh6GFhXxda6VjAkLrCDrZscNhi4KSHDEXU
Dataset 3,estadoActual51.jpg,34789,14.6913,QmVDKYQsqmbvqvfkNB7mvP4tMVtUZprNAuboqfoyutm9mA
Dataset 3,estadoActual52.jpg,39080,12.9942,QmYqB7ARWspUXN2cVY7rkbaCLwxonCx9qynH6yL5gLrnZ7
Dataset 3,estadoActual53.jpg,41372,13.5029,QmdhhF5JFxEtdvLY8c62LzGdreRLDkUB6L6Tx7eMG7qNJV
Dataset 3,estadoActual54.jpg,43420,13.7405,QmPLy6ZCerWt9wxKLqXjAhscJUeCTqS6SfpTd5VC4QEAaj
Dataset 3,estadoActual55.jpg,45838,13.593,QmRWeHU7DNKwDP37rX9xUuVS5hkXsdXAaVtvLvb4cbuTVt
Dataset 3,estadoActual56.jpg,43326,12.7043,QmTnNEVcA2Mgz8qfc3MGG8gaMiV9s7Fuixmg73eYTFNBck
Dataset 3,estadoActual57.jpg,44354,12.7236,QmPd9ovMdEnvLhEYqSKTN9cw18M4mMcyVHyjCQBbygscaE
Dataset 3,estadoActual58.jpg,42641,16.104,QmYy1bHZWoYTfjDvqNgCkUXDJ2WrpTtuRdSpv8Dj4ZpaMn
Dataset 3,estadoActual59.jpg,39995,14.6102,QmbrNzSGNLsN2XdteEHxG5X17U4QS4tD1kWYatfQRcPg9j
Dataset 3,estadoActual6.jpg,43209,13.1869,QmTRNcxTiP7jLmXKQPqmLrVMQoDuh2ZEghuNcfFUcHeGod
Dataset 3,estadoActual60.jpg,38370,16.192,QmRARYWPXbTcHHRAxKUzrGLYRJmmFudetBLmrdXDYmLwd4
Dataset 3,estadoActual61.jpg,33560,12.5859,Qmf5DuoSrU3iv5E7XHmxLkkd7X3TLLEzFFKYdVAEoiTuAQ
Dataset 3,estadoActual62.jpg,32212,11.994,QmduMoKbf85o6Efh6mPMJ3jrrWfkzZ8etdvMmiyRZkv17D
Dataset 3,estadoActual63.jpg,32380,13.2242,QmQgYvYYs4vV2uP35Q7zA8ANHyHcT4kYP9FRFBwB5hs9pf
Dataset 3,estadoActual64.jpg,30233,14.0912,Qmdd3pfiTwhqzNWrx4mD7kw2ippVpUhCHQJHSHEXaHmDtu
Dataset 3,estadoActual65.jpg,29635,20.2799,QmQ41N82mtVzSo6FS2Ko3aCrKS4bdzXKAh4ZqQiUp6oXEk
Dataset 3,estadoActual66.jpg,30557,16.4013,QmeSoDWQoQmPVWHBRQydwoBighDft6Q3TFK5BWh9V3b96J
Dataset 3,estadoActual67.jpg,30870,16.9954,QmdhKpRUbCyiNiESbiu9GddVGGqA8Ly6wtwGKompaukFyV
Dataset 3,estadoActual68.jpg,30580,29.2311,QmSM1iXXQX9o3E9DfshXUjW4P1tC3yrTqKRK9cpZCQzmgf
Dataset 3,estadoActual69.jpg,31371,16.4457,QmWhsNxgsbgeiXfFktu3rPpkNJZowSoqei55Evkb8Csotg
Dataset 3,estadoActual7.jpg,43918,15.3424,QmZNXksWz4XqMpqrfH8Xcd8FbAxgkKEbzbPzWERwTFFhzu
Dataset 3,estadoActual70.jpg,34768,17.4481,QmYrn452ZPJFNniwnvRFexU2D4iJ7cLhKCugxXoDKmoqnz
Dataset 3,estadoActual71.jpg,39337,15.6844,QmcpKiPgaxfgLuxmSF33819n7grfusC6U6eTbD8w5WvVMU
Dataset 3,estadoActual72.jpg,44133,28.8615,QmNgLdZNcyivYWkWHcytVhUyqNpnbVYCefoJM9DQ4bNfJ5
Dataset 3,estadoActual73.jpg,47266,16.7966,QmUDdowgWte6RUXqhwCR6zCxgd5ZPtq4KQdYZWFe689H3t
Dataset 3,estadoActual74.jpg,52956,16.3266,QmbtuNYQj7xoTekPjWQ82e2kG45TMcRPH9WVbNZgNMVNhK
Dataset 3,estadoActual75.jpg,53959,13.2504,QmcWLa5yhKEiYUHdnNQANheAmScpcRS84XkdtiwD2CswSQ
Dataset 3,estadoActual76.jpg,55029,15.5268,QmUkRVsKze4MfA53ws65GuEnkSNnsQPA2AMiYDdVsciYYa
Dataset 3,estadoActual77.jpg,55949,31.1147,QmVTKMg33ivkpP4XHYe7byGZXn5cN4CYqU3pwQrgodGfq5
Dataset 3,estadoActual78.jpg,55868,31.5412,QmU82KaBq6VtFvWjiSLcFQstWQqYNKqey2ujG2z2BvSCS1
Dataset 3,estadoActual79.jpg,54979,18.9581,QmePbr5qihWAZTRmQmGBKu1v8buE4gqdPtFJRRps9Uo17F
Dataset 3,estadoActual8.jpg,44134,47.6121,QmT656Q5PDC53M5Eqfib4SsoATHjWPZXuUHVeG968BYcvY
Dataset 3,estadoActual80.jpg,55209,20.5071,QmbBNb1UMSZkXDVMiLTNh7w2hnLYBxqyGK7a3QWDkgv2vE
Dataset 3,estadoActual81.jpg,48522,66.3042,QmPMue9ZzF7oA9kmTw81FroTHjLzT5zTqfQJ2cJVwx3Mzh
Dataset 3,estadoActual82.jpg,42222,14.1706,QmXUonJicGotmwPKkmvQHuvsknkNfjL2U7tdvSoQEsvNoN
Dataset 3,estadoActual83.jpg,34555,13.6683,Qmcmp339vXQrKaar1BbZTw6SSxG5ywjneiDvJNYj1pPjCz
Dataset 3,estadoActual84.jpg,29700,14.4461,QmTGPajZdLA4nGMEKqpU8qKWyvfLueC57MBSwfYwaqyFMx
Dataset 3,estadoActual85.jpg,30828,14.9828,QmcJ29MeypDcmXjwG235YGmTL4pp3eb6fa9bFNUXoqBWqo
Dataset 3,estadoActual86.jpg,30534,17.4462,QmRYHFbdhRvbLcg5GwfJtSVFNmHR6RnDjtHFrwmzSRi3YK
Dataset 3,estadoActual87.jpg,31166,13.6331,QmZ7Lv5grhfA2PV3vv8rpV49W8ukSv8XeehcNGpDcunmSd
Dataset 3,estadoActual88.jpg,37158,28.5501,QmNna2AiafgrZfxFc1MmqngBZFdSjYsyZRtUV5iZVXCJZk
Dataset 3,estadoActual89.jpg,38027,13.0278,QmYkPabNuL97hsjuzQSjZzT7BpqhZAm8hSr4JgHCyKGYvF
Dataset 3,estadoActual9.jpg,44754,19.7865,QmZL6txmdzoVy6XnjA4jehxJbYtP6baumyKJHFJZc54wmx
Dataset 3,estadoActual90.jpg,44789,18.4162,QmY8NtGFG9UqVWqfuECpbRMqpCnA4mZmqGBRMAiM3rJHaJ
Dataset 3,estadoActual91.jpg,51744,13.7764,QmPXEkAJSM6cU6vhTcthnLxEHzd2XiqwjLBzu7DSKhehm8
Dataset 3,estadoActual92.jpg,55405,19.2989,QmXuBFnPawzNhZR2su25WJYRKy2dE2wz2rf4YZVHHXtsHR
Dataset 3,estadoActual93.jpg,56515,25.5723,Qmeiu3iMo39XeDqFadhwGuwrMTfvKK9bWq8Xkdnj9SLFgX
Dataset 3,estadoActual94.jpg,50838,12.9878,QmahbtwgTHdSXwakzQVqvWnEChHA6u3NXBmmVWwBjvPwyr
Dataset 3,estadoActual95.jpg,48773,13.427,Qmeeyn9hPvJ4WpyhzpzN3AfY3BELHq4FgjTe9zFGDnbMxB
Dataset 3,estadoActual96.jpg,37269,14.1661,QmbNkzwxifdfiY8mccTwRTFyf7NeS7Vgs5vHuRbhakyuqF
Dataset 3,estadoActual97.jpg,35273,19.3423,QmQ3Hc5R3fRRCzKDv64GdgnZrVrxXTuYENG6txeKcwnG2T
Dataset 3,estadoActual98.jpg,33982,14.6937,QmULEBCZ35GcBQxem3JGbyUsom1VcJ4MqL8DeKdgoXRfjs
Dataset 3,estadoActual99.jpg,31084,13.3849,QmQSUVCpBnMJhy4hqehdRDnDkj2h7sUytwN12ZQhF24kJP
